status,enter row,exit row,enter price,exit price,difference
+,8,44,574.98,591.16,16.18
+,9,117,576.22,603,26.78
+,30,117,578.21,603,24.79
+,43,121,580.8,608.61,27.81
+,44,121,591.16,608.61,17.45
+,66,117,580.2,603,22.8
+,82,117,575.13,603,27.87
+,85,117,577.02,603,25.98
+,90,117,579.84,603,23.16
+,111,117,576.97,603,26.03
+,117,121,603,608.61,5.61
+,121,342,608.61,633,24.39
+,144,344,619.87,637.8,17.93
-,145,232,622.52,592.93,-29.59
+,175,344,611,637.8,26.8
+,235,342,601.39,633,31.61
+,236,342,604.03,633,28.97
+,252,342,607.2,633,25.8
+,280,342,607.21,633,25.79
+,283,342,609,633,24
+,284,343,609.9,634.12,24.22
+,285,344,610,637.8,27.8
+,318,344,612.59,637.8,25.21
+,325,410,616.73,647.82,31.09
+,342,410,633,647.82,14.82
+,343,428,634.12,659.5,25.38
+,344,432,637.8,663.7,25.9
+,361,432,637.99,663.7,25.71
+,404,428,633.86,659.5,25.64
+,408,428,634.45,659.5,25.05
+,409,432,638.98,663.7,24.72
+,410,433,647.82,666.03,18.21
+,428,437,659.5,684.71,25.21
+,432,449,663.7,690.51,26.81
+,433,449,666.03,690.51,24.48
+,434,451,669.12,698.79,29.67
+,435,451,675.42,698.79,23.37
+,437,452,684.71,706,21.29
+,449,453,690.51,711.57,21.06
+,451,478,698.79,727.48,28.69
+,452,478,706,727.48,21.48
+,453,568,711.57,738.55,26.98
+,467,478,700.71,727.48,26.77
+,468,560,709.95,732.96,23.01
+,469,594,715.21,741.4,26.19
+,470,650,720.57,758.35,37.78
-,478,483,727.48,691.6,-35.88
+,497,559,703.77,729.55,25.78
+,512,559,703.52,729.55,26.03
+,515,561,709.29,736.07,26.78
+,516,568,714.45,738.55,24.1
-,527,539,712.4,685.94,-26.46
+,549,560,703.4,732.96,29.56
+,552,568,709.79,738.55,28.76
+,557,568,719,738.55,19.55
+,559,650,729.55,758.35,28.8
+,560,651,732.96,762.5,29.54
+,561,654,736.07,768.6,32.53
+,568,654,738.55,768.6,30.05
+,569,654,740.12,768.6,28.48
+,574,713,741.22,772.1,30.88
+,587,654,735,768.6,33.6
+,588,654,737.1,768.6,31.5
+,594,713,741.4,772.1,30.7
+,640,654,735.25,768.6,33.35
+,647,654,741.99,768.6,26.61
+,650,740,758.35,777.19,18.84
+,651,765,762.5,794.21,31.71
+,654,766,768.6,803.51,34.91
+,665,765,765.27,794.21,28.94
+,712,766,769.5,803.51,34.01
+,713,766,772.1,803.51,31.41
+,731,766,772.97,803.51,30.54
+,732,767,773.04,812,38.96
+,740,767,777.19,812,34.81
+,763,769,788.2,821.26,33.06
+,765,770,794.21,827.14,32.93
+,766,771,803.51,853.3,49.79
+,767,771,812,853.3,41.3
+,770,775,827.14,866.36,39.22
+,771,775,853.3,866.36,13.06
+,775,781,866.36,894.5,28.14
+,776,805,878.99,918.16,39.17
-,781,789,894.5,830,-64.5
+,793,802,875.38,907.76,32.38
+,797,805,884.52,918.16,33.64
+,802,807,907.76,928.17,20.41
+,805,833,918.16,958,39.84
+,807,834,928.17,964.99,36.82
+,808,836,932.9,974,41.1
+,832,836,936.25,974,37.75
+,833,837,958,985.98,27.98
+,834,848,964.99,1004.63,39.64
+,836,849,974,1024.78,50.78
+,837,849,985.98,1024.78,38.8
+,838,850,988.59,1032.03,43.44
+,847,851,996.99,1068.8,71.81
+,848,851,1004.63,1068.8,64.17
+,849,851,1024.78,1068.8,44.02
+,850,851,1032.03,1068.8,36.77
+,851,853,1068.8,1087.74,18.94
-,871,892,891,759.04,-131.96
-,882,891,872.59,815,-57.59
-,889,891,883,815,-68
+,898,925,800.01,846.35,46.34
+,899,925,811.81,846.35,34.54
+,925,926,846.35,867.02,20.67
+,926,928,867.02,883.61,16.59
+,928,956,883.61,917.41,33.8
+,940,1010,883.24,919.3,36.06
+,941,1011,886.9,940,53.1
+,949,1011,905.51,940,34.49
+,950,1014,910.01,956.35,46.34
+,981,1011,895.56,940,44.44
+,982,1011,907.14,940,32.86
+,984,1014,908,956.35,48.35
+,1010,1014,919.3,956.35,37.05
+,1011,1016,940,958.11,18.11
+,1014,1024,956.35,985.01,28.66
+,1020,1036,974.33,1009.71,35.38
+,1023,1051,984,1013.96,29.96
+,1025,1053,991.9,1035.3,43.4
+,1026,1053,995.1,1035.3,40.2
+,1027,1053,995.26,1035.3,40.04
+,1030,1057,999.07,1045.3,46.23
+,1036,1057,1009.71,1045.3,35.59
+,1046,1057,1001,1045.3,44.3
-,1051,1065,1013.96,965.99,-47.97
-,1052,1065,1025,965.99,-59.01
-,1053,1065,1035.3,965.99,-69.31
-,1057,1065,1045.3,965.99,-79.31
+,1073,1108,991,1025,34
+,1094,1115,995,1032.8,37.8
+,1105,1130,1008.03,1038.58,30.55
+,1108,1134,1025,1056.88,31.88
+,1132,1137,1039.73,1090.01,50.28
+,1133,1137,1042.07,1090.01,47.94
+,1134,1137,1056.88,1090.01,33.13
+,1136,1148,1065.81,1109.9,44.09
+,1137,1149,1090.01,1126.6,36.59
+,1144,1152,1093,1145.46,52.46
+,1148,1152,1109.9,1145.46,35.56
+,1149,1153,1126.6,1178.08,51.48
+,1152,1176,1145.46,1184.5,39.04
+,1153,1187,1178.08,1196.64,18.56
+,1170,1185,1153,1194.9,41.9
+,1171,1190,1155.15,1216.59,61.44
+,1172,1190,1162.93,1216.59,53.66
+,1175,1191,1176.12,1220,43.88
+,1185,1192,1194.9,1256.62,61.72
+,1190,1192,1216.59,1256.62,40.03
-,1191,1229,1220,1141.61,-78.39
-,1192,1229,1256.62,1141.61,-115.01
+,1236,1239,1193.51,1249,55.49
-,1239,1241,1249,1120,-129
+,1252,1264,1210,1236.8,26.8
-,1264,1277,1236.8,1167,-69.8
+,1294,1303,1057.43,1101.46,44.03
+,1302,1306,1077.13,1117.1,39.97
+,1303,1307,1101.46,1128.1,26.64
-,1306,1321,1117.1,1026,-91.1
-,1307,1321,1128.1,1026,-102.1
+,1334,1341,991.1,1041,49.9
+,1335,1341,1005.65,1041,35.35
+,1341,1346,1041,1071,30
+,1343,1369,1044.41,1089.52,45.11
+,1346,1379,1071,1108.89,37.89
+,1363,1377,1048.01,1090,41.99
+,1365,1379,1066.01,1108.89,42.88
+,1369,1385,1089.52,1147.42,57.9
+,1377,1385,1090,1147.42,57.42
+,1379,1385,1108.89,1147.42,38.53
+,1380,1402,1116.55,1184,67.45
+,1383,1402,1127.95,1184,56.05
+,1385,1402,1147.42,1184,36.58
+,1398,1402,1143.66,1184,40.34
+,1399,1419,1146.4,1195.92,49.52
+,1400,1419,1150.34,1195.92,45.58
+,1402,1431,1184,1215.09,31.09
+,1408,1483,1188.09,1242.99,54.9
+,1419,1483,1195.92,1242.99,47.07
+,1430,1508,1201.35,1246.97,45.62
+,1431,1513,1215.09,1256.99,41.9
+,1464,1483,1190.09,1242.99,52.9
+,1465,1483,1202,1242.99,40.99
+,1469,1519,1216.99,1275.6,58.61
+,1483,1519,1242.99,1275.6,32.61
+,1501,1524,1239.49,1285.38,45.89
+,1508,1525,1246.97,1299.21,52.24
+,1510,1525,1248.99,1299.21,50.22
+,1519,1549,1275.6,1368,92.4
+,1522,1549,1280.24,1368,87.76
+,1523,1549,1283,1368,85
+,1524,1549,1285.38,1368,82.62
+,1525,1549,1299.21,1368,68.79
+,1545,1549,1305.01,1368,62.99
+,1549,1550,1368,1370.84,2.84
+,1550,1565,1370.84,1449.4,78.56
+,1554,1565,1403.09,1449.4,46.31
+,1565,1566,1449.4,1482.04,32.64
+,1566,1587,1482.04,1508.23,26.19
+,1567,1589,1494.85,1595.17,100.32
+,1587,1589,1508.23,1595.17,86.94
+,1588,1589,1540.97,1595.17,54.2
+,1589,1592,1595.17,1625.85,30.68
+,1592,1594,1625.85,1672.94,47.09
+,1594,1606,1672.94,1728.99,56.05
+,1595,1608,1690.9,1768.39,77.49
+,1606,1609,1728.99,1795.09,66.1
+,1607,1651,1750.6,1828.19,77.59
-,1609,1618,1795.09,1617.14,-177.95
+,1623,1645,1731.36,1772.29,40.93
+,1625,1651,1740.09,1828.19,88.1
+,1639,1645,1699.09,1772.29,73.2
+,1642,1651,1725.01,1828.19,103.18
+,1643,1651,1753.27,1828.19,74.92
+,1651,1655,1828.19,1860.99,32.8
+,1653,1659,1840.95,1922.03,81.08
+,1655,1660,1860.99,1963.33,102.34
+,1656,1660,1879.49,1963.33,83.84
+,1659,1664,1922.03,1992.09,70.06
+,1660,1665,1963.33,2006.76,43.43
+,1664,1672,1992.09,2087.99,95.9
+,1665,1672,2006.76,2087.99,81.23
+,1667,1673,2026.99,2139.19,112.2
+,1672,1675,2087.99,2197.6,109.61
+,1673,1675,2139.19,2197.6,58.41
+,1675,1684,2197.6,2270.99,73.39
+,1683,1686,2251.09,2379.48,128.39
+,1684,1686,2270.99,2379.48,108.49
+,1685,1688,2307.02,2430,122.98
+,1686,1688,2379.48,2430,50.52
+,1688,1690,2430,2487.99,57.99
+,1690,1691,2487.99,2572.99,85
+,1691,1692,2572.99,2700.04,127.05
-,1692,1695,2700.04,2230.69,-469.35
+,1708,1709,2080.1,2150,69.9
+,1709,1717,2150,2185.57,35.57
+,1716,1720,2153.99,2274.24,120.25
+,1718,1732,2222.3,2292.71,70.41
+,1720,1733,2274.24,2345.99,71.75
+,1729,1733,2232.19,2345.99,113.8
+,1732,1733,2292.71,2345.99,53.28
+,1733,1743,2345.99,2406.55,60.56
+,1742,1747,2373.99,2476.64,102.65
+,1743,1747,2406.55,2476.64,70.09
+,1747,1760,2476.64,2592.99,116.35
+,1756,1761,2530.39,2672.31,141.92
+,1757,1761,2543.99,2672.31,128.32
+,1760,1762,2592.99,2746.32,153.33
+,1761,1762,2672.31,2746.32,74.01
+,1762,1764,2746.32,2792.79,46.47
-,1764,1815,2792.79,2467.29,-325.5
+,1779,1788,2711.99,2828.69,116.7
-,1795,1801,2858.1,2585.99,-272.11
-,1798,1800,2887.99,2733.98,-154.01
+,1830,1849,2532.2,2600,67.8
+,1845,1850,2556.65,2716.18,159.53
+,1848,1850,2573.89,2716.18,142.29
+,1849,1850,2600,2716.18,116.18
+,1850,1852,2716.18,2727.48,11.3
-,1861,1875,2670.7,2533.11,-137.59
-,1898,1918,2519.59,2348.99,-170.6
+,1922,1927,2402.54,2513.21,110.67
+,1926,1943,2474.01,2541.99,67.98
-,1927,1972,2513.21,2305.42,-207.79
-,1943,1969,2541.99,2397.23,-144.76
-,1958,1969,2506.91,2397.23,-109.68
-,1981,1994,2391.3,2151.76,-239.54
+,2009,2012,2041.8,2151.8,110
+,2012,2013,2151.8,2186.8,35
+,2013,2016,2186.8,2286.8,100
+,2015,2018,2231.8,2339.59,107.79
+,2016,2021,2286.8,2367.2,80.4
+,2028,2029,2511.8,2612.3,100.5
+,2029,2030,2612.3,2720.8,108.5
+,2030,2032,2720.8,2771.8,51
+,2031,2043,2749.85,2841.37,91.52
+,2068,2073,2555.8,2704.8,149
+,2073,2075,2704.8,2766.8,62
+,2075,2096,2766.8,2889.76,122.96
+,2076,2096,2797.11,2889.76,92.65
+,2094,2098,2801.7,2911.8,110.1
+,2096,2122,2889.76,3136.9,247.14
+,2098,2122,2911.8,3136.9,225.1
+,2112,2117,2727.45,2829.8,102.35
+,2113,2119,2760.4,2849.8,89.4
+,2114,2122,2778.69,3136.9,358.21
+,2117,2122,2829.8,3136.9,307.1
+,2122,2123,3136.9,3159.31,22.41
+,2125,2138,3286.9,3400.46,113.56
+,2138,2139,3400.46,3409,8.54
+,2145,2167,3459.79,3589.79,130
+,2146,2168,3479.9,3654.86,174.96
+,2158,2165,3413.89,3541.8,127.91
+,2164,2168,3504.48,3654.86,150.38
+,2165,2169,3541.8,3731.8,190
+,2166,2169,3542.22,3731.8,189.58
+,2167,2169,3589.79,3731.8,142.01
+,2168,2170,3654.86,3771.8,116.94
+,2169,2172,3731.8,3936.79,204.99
+,2170,2172,3771.8,3936.79,164.99
+,2172,2175,3936.79,4062.61,125.82
+,2175,2176,4062.61,4190.79,128.18
+,2176,2189,4190.79,4296.99,106.2
+,2186,2192,4190.5,4353.7,163.2
+,2188,2207,4275.8,4416.15,140.35
-,2192,2199,4353.7,4044.76,-308.94
+,2202,2207,4291.25,4416.15,124.9
-,2204,2223,4358.25,3636.21,-722.04
-,2207,2220,4416.15,3989.38,-426.77
+,2227,2236,4059.4,4237.47,178.07
+,2231,2240,4184.78,4345.93,161.15
+,2240,2244,4345.93,4436.94,91.01
+,2244,2257,4436.94,4580.91,143.97
+,2252,2256,4356.36,4534.7,178.34
+,2255,2257,4426.65,4580.91,154.26
+,2256,2267,4534.7,4680.4,145.7
+,2267,2273,4680.4,4829.29,148.89
-,2268,2278,4710.55,4319.83,-390.72
-,2272,2278,4768.15,4319.83,-448.32
-,2273,2276,4829.29,4531.11,-298.18
-,2275,2276,4867.96,4531.11,-336.85
+,2287,2292,4405.15,4578.57,173.42
+,2288,2297,4439.64,4628.02,188.38
-,2290,2319,4536.92,3989.5,-547.42
-,2302,2304,4665.7,4325.58,-340.12
+,2334,2335,3570.83,3714.41,143.58
+,2338,2339,3953.72,4027.06,73.34
+,2339,2383,4027.06,4139.58,112.52
+,2367,2371,3774.74,3916.47,141.73
+,2370,2381,3897.9,4055.34,157.44
+,2381,2383,4055.34,4139.58,84.24
+,2383,2396,4139.58,4372.33,232.75
+,2385,2400,4228.14,4388.57,160.43
+,2386,2423,4252.42,4568.98,316.56
+,2396,2400,4372.33,4388.57,16.24
+,2414,2423,4302.48,4568.98,266.5
+,2416,2423,4339.02,4568.98,229.96
+,2419,2423,4389.2,4568.98,179.78
+,2423,2427,4568.98,4624.49,55.51
+,2427,2428,4624.49,4819.86,195.37
+,2428,2434,4819.86,4851.39,31.53
+,2434,2443,4851.39,5097.49,246.1
+,2443,2444,5097.49,5189.11,91.62
+,2444,2447,5189.11,5392.38,203.27
+,2445,2448,5318.14,5706.13,387.99
+,2447,2448,5392.38,5706.13,313.75
+,2448,2459,5706.13,5736.14,30.01
+,2471,2481,5534.42,5967.8,433.38
+,2472,2481,5624.35,5967.8,343.45
+,2481,2484,5967.8,5969.81,2.01
+,2500,2504,5662.43,5934.9,272.47
+,2501,2504,5722.68,5934.9,212.22
+,2504,2513,5934.9,6115.46,180.56
+,2507,2522,5978.6,6319.95,341.35
+,2513,2522,6115.46,6319.95,204.49
+,2522,2527,6319.95,6523.12,203.17
+,2527,2531,6523.12,6790.38,267.26
+,2529,2533,6587.94,6967.53,379.59
+,2531,2533,6790.38,6967.53,177.15
+,2533,2538,6967.53,7209.14,241.61
+,2534,2539,7079.12,7365.38,286.26
+,2539,2559,7365.38,7702.72,337.34
+,2555,2559,7282.27,7702.72,420.45
+,2556,2559,7398.8,7702.72,303.92
-,2558,2571,7459.67,6751.11,-708.56
-,2559,2570,7702.72,6813.68,-889.04
+,2585,2588,6760.9,7138.18,377.28
+,2586,2588,6809.52,7138.18,328.66
+,2588,2593,7138.18,7432.1,293.92
+,2593,2595,7432.1,7671.39,239.29
+,2595,2596,7671.39,7862.91,191.52
+,2596,2606,7862.91,8117.24,254.33
+,2606,2633,8117.24,9514.82,1397.58
+,2607,2633,8202.63,9514.82,1312.19
+,2613,2633,8265.35,9514.82,1249.47
+,2633,2636,9514.82,9581.78,66.96
+,2640,2647,9813.41,10670.6,857.15
+,2643,2647,9882.64,10670.6,787.92
+,2644,2647,9900.34,10670.6,770.22
+,2645,2647,9953.27,10670.6,717.29
+,2646,2647,10031.9,10670.6,638.64
-,2648,2654,11157.6,9111.58,-2046.01
+,2660,2662,10613.9,10891.9,278.04
+,2662,2663,10891.9,11362.5,470.65
+,2663,2664,11362.5,11434.4,71.82
+,2664,2675,11434.4,11888.2,453.88
+,2675,2677,11888.2,12413.9,525.68
+,2676,2677,12167.9,12413.9,246.03
+,2677,2680,12413.9,13141.7,727.75
+,2678,2680,12567.8,13141.7,573.89
+,2680,2681,13141.7,13908.4,766.74
+,2681,2682,13908.4,13946.4,38.02
+,2683,2684,14554.2,14892.8,338.58
+,2684,2685,14892.8,15304,411.22
+,2685,2686,15304,15591.7,287.7
+,2687,2698,16564.1,16883.6,319.46
+,2695,2698,16381.3,16883.6,502.25
+,2698,2719,16883.6,17380.7,497.1
+,2718,2720,17079.6,17724.2,644.63
+,2719,2723,17380.7,18376.8,996.17
+,2720,2723,17724.2,18376.8,652.65
+,2723,2724,18376.8,18781.4,404.55
+,2760,2761,15035.3,15136.2,100.91
+,2763,2766,15659,16247.9,588.82
-,2766,2772,16247.9,13669.4,-2578.47
-,2778,2786,14850.3,12863.9,-1986.39
+,2790,2792,13892.7,14690.8,798.07
+,2792,2794,14690.8,14948.1,257.34
+,2807,2808,15723.3,15903,179.78
+,2809,2810,16275,16777.1,502.1
-,2810,2820,16777.1,14073.2,-2703.84
-,2844,2847,14223.6,12982.1,-1241.45
-,2859,2923,11429.6,8869.34,-2560.29
+,2881,2889,11088.7,11393.2,304.44
+,2942,2945,7718.37,7919.32,200.95
+,2946,2959,8229.11,8553.64,324.53
+,2952,2966,8373.9,8750.47,376.57
+,2959,2966,8553.64,8750.47,196.83
+,2963,2976,8705.7,9151.48,445.78
+,2974,2976,8761.43,9151.48,390.05
+,2976,2977,9151.48,9238.31,86.83
+,2977,2980,9238.31,9629.44,391.13
+,2979,2983,9343.01,10015.1,672.09
+,2980,2983,9629.44,10015.1,385.66
+,2983,2991,10015.1,10519.2,504.15
+,2985,2993,10222.7,10887.2,664.51
+,2991,2993,10519.2,10887.2,367.92
+,2993,2997,10887.2,11406,518.81
-,2997,3012,11406,9835.65,-1570.33
-,3001,3007,11598.5,10463.9,-1134.55
+,3018,3029,10162.7,10665.4,502.66
+,3029,3034,10665.4,10869.5,204.08
+,3030,3051,10776.6,11364.5,587.89
+,3034,3051,10869.5,11364.5,495.03
+,3042,3045,10698,11058.1,360.06
+,3043,3051,10762.4,11364.5,602.1
+,3044,3051,10858.8,11364.5,505.73
+,3045,3052,11058.1,11467.4,409.33
+,3051,3056,11364.5,11581.4,216.87
-,3052,3065,11467.4,10398.8,-1068.58
-,3056,3060,11581.4,10762.1,-819.26
+,3081,3082,9413.53,9494.34,80.81
-,3083,3098,9772.92,7970.19,-1802.73
+,3108,3121,8408.95,8789.07,380.12
+,3121,3124,8789.07,8970.98,181.91
-,3122,3144,8915.81,8037.38,-878.43
+,3178,3181,7292.36,7330.62,38.26
+,3201,3203,7005.32,7073.55,68.23
+,3202,3222,7045.76,7628.56,582.8
+,3211,3222,6765.01,7628.56,863.55
+,3217,3222,6850.18,7628.56,778.38
+,3222,3224,7628.56,7648.46,19.9
+,3227,3231,8050.67,8327.6,276.93
+,3228,3258,8118.14,8449.07,330.93
+,3231,3261,8327.6,8757.16,429.56
+,3248,3258,8113.44,8449.07,335.63
+,3255,3261,8265.8,8757.16,491.36
+,3258,3261,8449.07,8757.16,308.09
+,3261,3263,8757.16,8836.74,79.58
+,3267,3270,9099.05,9296.01,196.96
+,3268,3313,9174.73,9516.3,341.57
+,3270,3317,9296.01,9680.54,384.53
-,3272,3281,9375.79,8635.97,-739.82
-,3273,3277,9491.55,8836.99,-654.56
+,3285,3313,9151.39,9516.3,364.91
-,3291,3348,9334.13,8467.12,-867.01
+,3305,3313,9045.72,9516.3,470.58
+,3312,3314,9240.42,9587.14,346.72
+,3313,3317,9516.3,9680.54,164.24
-,3314,3345,9587.14,8858.84,-728.3
-,3336,3347,9192.58,8713.32,-479.26
-,3355,3375,8700.83,7877.6,-823.23
-,3356,3375,8764.15,7877.6,-886.55
-,3380,3397,8139.77,7536.92,-602.85
-,3381,3397,8403.96,7536.92,-867.04
+,3420,3437,7329.72,7518.12,188.4
-,3422,3471,7422.01,6647.47,-774.54
-,3441,3471,7633.7,6647.47,-986.23
-,3451,3471,7491.91,6647.47,-844.44
-,3452,3471,7553.88,6647.47,-906.41
-,3459,3471,7646.87,6647.47,-999.4
-,3477,3486,6776.84,6388.79,-388.05
-,3494,3530,6587.03,5990.28,-596.75
-,3505,3529,6580.88,6104.45,-476.43
-,3506,3529,6652.17,6104.45,-547.72
-,3517,3527,6688.25,6328.78,-359.47
-,3535,3555,6207.65,5807.53,-400.12
+,3561,3564,6260.3,6270.51,10.21
+,3565,3577,6531.95,6590.69,58.74
-,3577,3611,6590.69,6131.27,-459.42
-,3591,3611,6638.68,6131.27,-507.41
+,3621,3624,6277.55,6538.47,260.92
+,3624,3626,6538.47,6587.02,48.55
+,3627,3632,6669.72,7239.87,570.15
+,3632,3633,7239.87,7268.63,28.76
+,3658,3660,7777.88,8137.07,359.19
+,3659,3660,7918,8137.07,219.07
+,3660,3663,8137.07,8340.26,203.19
-,3663,3694,8340.26,7461.23,-879.03
-,3680,3694,8163.25,7461.23,-702.02
-,3718,3722,6965.17,6530.34,-434.83
-,3719,3722,7043.94,6530.34,-513.6
-,3732,3747,6375.56,5925.61,-449.95
-,3734,3747,6487.55,5925.61,-561.94
+,3753,3756,6261.7,6520.5,258.8
+,3754,3783,6366.82,6645.12,278.3
+,3756,3804,6520.5,6662.77,142.27
+,3783,3806,6645.12,6827.94,182.82
+,3794,3806,6415.96,6827.94,411.98
+,3799,3806,6541.14,6827.94,286.8
+,3800,3808,6626.7,6842.41,215.71
+,3806,3809,6827.94,6961.92,133.98
+,3809,3830,6961.92,7201.52,239.6
+,3829,3835,6963.98,7226.34,262.36
-,3830,3848,7201.52,6336.92,-864.6
-,3839,3845,7286.13,6904.28,-381.85
+,3878,3916,6336,6628.69,292.69
+,3881,3916,6383.62,6628.69,245.07
+,3882,3945,6433.74,6673.24,239.5
-,3885,3895,6468.88,6143.8,-325.08
+,3907,3916,6349.92,6628.69,278.77
+,3914,3917,6428.08,6654.93,226.85
-,3915,4004,6471.2,6120.17,-351.03
-,3916,4004,6628.69,6120.17,-508.52
+,3935,3946,6459.54,6688.67,229.13
-,3943,3999,6662.53,6184.49,-478.04
-,3969,3999,6522.01,6184.49,-337.52
-,3983,3999,6596.55,6184.49,-412.06
+,4012,4112,6380.33,6498.9,118.57
-,4053,4145,6423.92,6171.27,-252.65
-,4066,4075,6393.11,6204.65,-188.46
-,4086,4147,6263.33,5558.32,-705.01
-,4093,4147,6307.99,5558.32,-749.67
-,4094,4147,6331.51,5558.32,-773.19
-,4100,4146,6382.22,6133.92,-248.3
-,4108,4144,6409.57,6207.4,-202.17
-,4112,4144,6498.9,6207.4,-291.5
+,4199,4201,3973.39,4130.63,157.24
+,4201,4203,4130.63,4229.89,99.26
-,4202,4240,4179.88,3346.4,-833.48
+,4246,4288,3562.64,3681.65,119.01
-,4261,4274,3395.65,3168.15,-227.5
+,4279,4280,3379.4,3416.91,37.51
+,4281,4288,3486.4,3681.65,195.25
+,4288,4289,3681.65,3731.4,49.75
+,4289,4291,3731.4,3861.4,130
+,4291,4296,3861.4,4063.9,202.5
+,4296,4300,4063.9,4121.9,58
-,4306,4327,4157.65,3580.39,-577.26
+,4332,4364,3848.64,4025.39,176.75
+,4346,4364,3785.89,4025.39,239.5
+,4363,4364,3829.14,4025.39,196.25
+,4364,4365,4025.39,4026.39,1
-,4373,4384,4052.89,3768.14,-284.75
+,4434,4547,3580.4,3781.91,201.51
+,4467,4512,3413.9,3622.39,208.49
+,4469,4512,3430.64,3622.39,191.75
+,4481,4512,3429.39,3622.39,193
+,4483,4512,3440.39,3622.39,182
+,4492,4512,3420.69,3622.39,201.7
+,4510,4512,3374.89,3622.39,247.5
+,4511,4512,3395.12,3622.39,227.27
+,4512,4544,3622.39,3636.9,14.51
+,4544,4547,3636.9,3781.91,145.01
+,4547,4553,3781.91,3946.65,164.74
+,4548,4664,3857.4,3992.39,134.99
-,4571,4574,3936.28,3751.89,-184.39
-,4602,4606,3824.64,3692.14,-132.5
+,4613,4631,3827.09,3877.49,50.4
+,4643,4682,3858.14,4018.13,159.99
+,4662,4720,3892.9,4061.14,168.24
+,4664,4720,3992.39,4061.14,68.75
+,4674,4730,3983.68,4137.89,154.21
-,4682,4699,4018.13,3876.63,-141.5
+,4706,4721,3958.38,4072.14,113.76
+,4707,4730,3981.38,4137.89,156.51
+,4709,4731,4004.88,4688,683.12
+,4720,4731,4061.14,4688,626.86
+,4721,4731,4072.14,4688,615.86
+,4724,4731,4110.39,4688,577.61
+,4728,4731,4130.64,4688,557.36
+,4731,4732,4688,4691.39,3.39
+,4740,4755,5120.38,5296.86,176.48
+,4741,4819,5281.88,5360.4,78.52
+,4754,4755,5251.9,5296.86,44.96
+,4755,4821,5296.86,5510.41,213.55
-,4768,4778,5241.64,5017.15,-224.49
-,4771,4778,5294.9,5017.15,-277.75
+,4781,4807,5079.9,5297.9,218
+,4784,4819,5159.9,5360.4,200.5
+,4795,4807,5174.89,5297.9,123.01
+,4803,4821,5267.15,5510.41,243.26
+,4807,4821,5297.9,5510.41,212.51
-,4821,4838,5510.41,5109.4,-401.01
-,4836,4838,5472.4,5109.4,-363
-,4837,4838,5489.16,5109.4,-379.76
+,4853,4867,5202.9,5397.4,194.5
+,4854,4869,5236.9,5469.65,232.75
+,4856,4870,5291.4,5669.64,378.24
+,4864,4870,5366.41,5669.64,303.23
+,4869,4870,5469.65,5669.64,199.99
+,4870,4880,5669.64,5732.91,63.27
+,4881,4892,5881.4,6000.65,119.25
+,4892,4899,6000.65,6291.15,290.5
+,4893,4899,6051.65,6291.15,239.5
+,4898,4902,6104.15,6368.65,264.5
+,4899,4904,6291.15,7038.15,747
+,4902,4904,6368.65,7038.15,669.5
+,4904,4905,7038.15,7114.15,76
+,4907,4908,7361.15,7873.15,512
+,4908,4910,7873.15,7897.9,24.75
-,4922,4929,8327.65,7193.79,-1133.86
+,4957,4964,7857.89,8910.89,1053
+,4958,4964,7871.89,8910.89,1039
+,4961,4964,8040.39,8910.89,870.5
+,4962,4964,8074.89,8910.89,836
-,4964,5024,8910.89,7608.89,-1302
-,4993,5005,8505.39,7643.89,-861.5
-,4994,5002,8626.89,7918.38,-708.51
+,5020,5047,7965.89,8255.89,290
+,5022,5051,8057.89,8355.38,297.49
+,5037,5051,7983.89,8355.38,371.49
+,5040,5053,8167.39,8458.39,291
+,5047,5054,8255.89,9197.39,941.5
+,5051,5054,8355.38,9197.39,842.01
+,5054,5056,9197.39,9197.89,0.5
+,5057,5079,9260.14,9727.64,467.5
+,5072,5078,9254.14,9577.39,323.25
+,5076,5081,9360.89,9827.89,467
+,5077,5081,9550.64,9827.89,277.25
+,5079,5084,9727.64,10626.4,898.75
+,5081,5084,9827.89,10626.4,798.5
+,5082,5084,9861.89,10626.4,764.5
+,5084,5085,10626.4,10747.1,120.75
+,5091,5096,11204.3,11910.8,706.47
+,5092,5096,11279.3,11910.8,631.44
+,5096,5097,11910.8,12427.2,516.48
+,5097,5098,12427.2,12600.4,173.21
+,5098,5100,12600.4,13544.4,943.94
-,5100,5106,13544.4,10821.5,-2722.87
-,5113,5121,12179.4,9881.84,-2297.53
+,5125,5126,10736.6,11239.9,503.25
+,5126,5129,11239.9,11378.9,139
+,5132,5149,11837,12197.5,360.53
+,5146,5149,11843,12197.5,354.48
+,5149,5151,12197.5,12708.2,510.69
+,5151,5157,12708.2,13018,309.87
-,5156,5161,12856.6,11786.3,-1070.29
-,5157,5161,13018,11786.3,-1231.72
-,5173,5174,11861.1,10064.5,-1796.63
-,5179,5185,10805.9,9579.08,-1226.81
+,5196,5197,10460.9,10610.6,149.75
+,5222,5257,10103.4,10396.4,293
+,5244,5251,9688.13,10023.4,335.26
+,5249,5257,9820.88,10396.4,575.51
+,5250,5257,9977.89,10396.4,418.5
+,5257,5264,10396.4,11229.1,832.75
+,5260,5264,10504.9,11229.1,724.25
+,5264,5265,11229.1,11547.9,318.75
+,5265,5266,11547.9,11739.1,191.25
+,5266,5272,11739.1,12204.4,465.25
-,5268,5311,11910.1,10145.5,-1764.63
-,5272,5302,12204.4,11311.7,-892.69
+,5317,5326,10353.8,10697.1,343.33
-,5326,5374,10697.1,9391.14,-1306
-,5330,5339,10890.4,9934.14,-956.25
-,5352,5371,10392.9,9659.18,-733.71
-,5354,5371,10537.1,9659.18,-877.96
-,5370,5371,10213.9,9659.18,-554.69
+,5381,5388,9569.35,9957.39,388.04
+,5383,5389,9622.22,10374.6,752.4
+,5384,5389,9768.84,10374.6,605.78
+,5387,5389,9841.03,10374.6,533.59
+,5388,5389,9957.39,10374.6,417.23
+,5389,5390,10374.6,10394.6,20.02
-,5393,5484,10563.6,9464.8,-1098.8
-,5394,5480,10648.9,9727.65,-921.24
-,5409,5416,10704.6,10134.9,-569.75
-,5411,5416,10853.4,10134.9,-718.5
-,5432,5484,10141.6,9464.8,-676.84
-,5435,5481,10220.6,9699.55,-521.09
-,5436,5463,10263.9,9797.89,-466
-,5438,5463,10383.6,9797.89,-585.75
-,5467,5485,10248.4,8526.63,-1721.76
+,5508,5550,8270.29,8568.8,298.51
+,5511,5559,8434.89,8715.55,280.66
+,5550,5551,8568.8,8575.54,6.74
-,5559,5564,8715.55,8270.39,-445.16
-,5594,5609,8209.1,7495.64,-713.46
+,5621,5622,7621.09,8396.13,775.04
+,5622,5623,8396.13,8586.64,190.51
+,5623,5624,8586.64,9705.15,1118.51
-,5624,5741,9705.15,7025.65,-2679.5
-,5645,5681,9304.15,8768.15,-536
-,5657,5681,9267.15,8768.15,-499
-,5658,5681,9307.65,8768.15,-539.5
-,5659,5681,9432.65,8768.15,-664.5
+,5759,5760,7253.65,7561.65,308
+,5760,5771,7561.65,7743.65,182
-,5771,5786,7743.65,7149.98,-593.67
-,5789,5839,7489.15,6862.4,-626.75
-,5802,5822,7471.45,7134.15,-337.3
-,5832,5839,7262.9,6862.4,-400.5
+,5850,5851,6859.9,7119.65,259.75
+,5851,5864,7119.65,7610.65,491
-,5864,5918,7610.65,6862.4,-748.25
-,5886,5916,7346.65,6938.15,-408.5
-,5894,5918,7331.65,6862.4,-469.25
+,5919,5924,7196.4,7447.49,251.09
+,5920,5928,7328.65,7539.15,210.5
+,5924,5930,7447.49,7897.38,449.89
+,5925,5930,7513.88,7897.38,383.5
+,5930,5934,7897.38,7932.34,34.96
+,5935,5936,8012.63,8367.33,354.7
+,5936,5963,8367.33,8572.14,204.81
+,5954,5961,8141.65,8469.64,327.99
+,5960,5962,8428.15,8482.64,54.49
+,5963,5980,8572.14,8941.7,369.56
+,5964,5980,8771.64,8941.7,170.06
-,5979,6004,8880.65,8402.65,-478
-,5980,6004,8941.7,8402.65,-539.05
+,6011,6019,8438.65,8937.65,499
+,6012,6019,8450.65,8937.65,487
+,6014,6019,8622.15,8937.65,315.5
+,6017,6020,8711.65,9100.15,388.5
+,6018,6026,8753.15,9331.15,578
+,6019,6026,8937.65,9331.15,393.5
+,6020,6027,9100.15,9344.64,244.49
+,6026,6037,9331.15,9545.14,213.99
+,6036,6074,9446.64,10119.6,673
+,6037,6074,9545.14,10119.6,574.5
+,6059,6061,9427.14,9675.14,248
+,6060,6074,9552.64,10119.6,567
+,6061,6074,9675.14,10119.6,444.5
+,6074,6084,10119.6,10293.6,174
+,6084,6086,10293.6,10321.1,27.49
-,6114,6146,9962.65,9178.65,-784
-,6115,6146,10135.6,9178.65,-957
-,6134,6146,9914.65,9178.65,-736
+,6167,6184,8804.65,9073.65,269
-,6168,6194,8849.15,8066.15,-783
-,6169,6194,8934.15,8066.15,-868
-,6182,6194,8875.15,8066.15,-809
-,6183,6194,8926.15,8066.15,-860
-,6184,6194,9073.65,8066.15,-1007.5
-,6203,6214,8055.15,7336.65,-718.5
+,6244,6245,5600.5,5864.57,264.07
+,6245,6246,5864.57,6342.47,477.9
+,6246,6250,6342.47,6769.48,427.01
+,6250,6262,6769.48,6778.08,8.6
+,6262,6316,6778.08,7066.22,288.14
-,6268,6284,6880.06,5890.14,-989.92
-,6278,6284,6818.6,5890.14,-928.46
+,6289,6306,6461.1,6911.07,449.97
+,6302,6304,6632.61,6658.08,25.47
+,6306,6316,6911.07,7066.22,155.15
+,6316,6320,7066.22,7363.05,296.83
+,6317,6396,7150.06,7505.12,355.06
-,6319,6362,7226.13,6567.06,-659.07
-,6320,6362,7363.05,6567.06,-795.99
+,6350,6374,6838.65,7153.6,314.95
-,6354,6362,6955.59,6567.06,-388.53
+,6364,6374,7038.5,7153.6,115.1
-,6374,6383,7153.6,6803.65,-349.95
+,6388,6396,6948.61,7505.12,556.51
+,6390,6396,7121.62,7505.12,383.5
+,6396,6397,7505.12,7527.1,21.98
+,6404,6418,7738.12,7948.13,210.01
+,6417,6419,7841.58,8256.97,415.39
+,6418,6419,7948.13,8256.97,308.84
+,6419,6420,8256.97,8594.42,337.45
+,6420,6421,8594.42,8921.4,326.98
+,6421,6423,8921.4,9158.57,237.17
+,6423,6454,9158.57,9337.11,178.54
+,6441,6454,9051.95,9337.11,285.16
+,6449,6456,9234.65,9631.75,397.1
+,6456,6457,9631.75,9791.5,159.75
+,6457,6458,9791.5,10031.1,239.65
-,6458,6464,10031.1,8761.55,-1269.6
+,6474,6481,8918.5,9285.5,367
+,6479,6484,9086.7,9610.15,523.45
+,6480,6484,9115.4,9610.15,494.75
+,6481,6484,9285.5,9610.15,324.65
+,6484,6495,9610.15,9846.85,236.7
-,6495,6524,9846.85,8771.03,-1075.82
-,6502,6516,9764.75,9058.8,-705.95
+,6522,6558,9240.85,9573.9,333.05
+,6539,6545,9148.75,9405.45,256.7
+,6542,6559,9234.8,9676.4,441.6
+,6545,6559,9405.45,9676.4,270.95
+,6546,6560,9446.53,10121.5,674.92
+,6559,6560,9676.4,10121.5,445.05
-,6560,6606,10121.5,9223.5,-897.95
-,6572,6615,9656.28,9165,-491.28
-,6576,6606,9774.4,9223.5,-550.9
-,6596,6606,9788.78,9223.5,-565.28
-,6601,6606,9854.05,9223.5,-630.55
+,6619,6794,9471.5,10000.6,529.15
+,6621,6794,9546,10000.6,454.65
-,6647,6696,9474.32,9015.03,-459.29
-,6648,6696,9557.8,9015.03,-542.77
-,6649,6677,9627.9,9074.03,-553.87
-,6650,6663,9659.05,9085.95,-573.1
+,6679,6782,9168.28,9520.78,352.5
+,6690,6786,9278.53,9650.65,372.12
+,6706,6782,9189.78,9520.78,331
+,6707,6786,9254.53,9650.65,396.12
+,6708,6786,9311.03,9650.65,339.62
+,6720,6794,9415.53,10000.6,585.12
+,6734,6786,9274.03,9650.65,376.62
+,6745,6786,9264.28,9650.65,386.37
+,6761,6782,9155.78,9520.78,365
+,6764,6786,9184,9650.65,466.65
+,6772,6786,9314.28,9650.65,336.37
+,6773,6794,9389.85,10000.6,610.8
+,6782,6794,9520.78,10000.6,479.87
+,6786,6794,9650.65,10000.6,350
+,6793,6794,9620.95,10000.6,379.7
+,6794,6795,10000.6,10229,228.35
+,6795,6798,10229,10846.5,617.5
+,6798,6799,10846.5,10864.9,18.39
+,6800,6828,11238.7,11368.3,129.68
+,6810,6839,11264.8,11595.7,330.89
+,6821,6840,11215.8,11672.8,456.98
+,6822,6844,11343.2,11709.5,366.34
+,6838,6846,11310,11810.9,500.88
+,6839,6846,11595.7,11810.9,215.24
+,6840,6888,11672.8,12377.9,705.12
+,6855,6888,12008.3,12377.9,369.6
+,6872,6888,11629.3,12377.9,748.54
+,6878,6888,11736.5,12377.9,641.35
-,6888,6924,12377.9,11313.9,-1063.96
-,6906,6925,11846.2,11243.5,-602.73
+,6930,6952,11471.7,11895.2,423.52
+,6942,6954,11507.2,11983.4,476.13
-,6944,6965,11676.1,10801.6,-874.5
-,6952,6963,11895.2,11258.9,-636.37
-,6954,6963,11983.4,11258.9,-724.5
+,6980,7008,10332.9,10694.1,361.25
+,6993,7013,10377.9,10876,498.13
+,7005,7013,10344.4,10876,531.63
+,7007,7013,10497.9,10876,378.13
+,7008,7020,10694.1,11043.9,349.75
-,7013,7051,10876,10209,-666.96
-,7020,7038,11043.9,10370.6,-673.27
-,7031,7038,10981.4,10370.6,-610.77
+,7056,7116,10645,10909.4,264.37
+,7058,7124,10715.9,11363.1,647.25
+,7064,7124,10876.6,11363.1,486.5
+,7076,7124,10786.8,11363.1,576.36
+,7084,7124,10869.9,11363.1,493.25
+,7094,7124,10688.6,11363.1,674.5
+,7111,7121,10641,11066.5,425.55
+,7116,7124,10909.4,11363.1,453.75
+,7121,7128,11066.5,11554.4,487.85
+,7124,7128,11363.1,11554.4,191.25
+,7128,7163,11554.4,11857.5,303.16
+,7147,7164,11529.9,11964.4,434.43
+,7157,7166,11574,11998.9,424.91
+,7158,7167,11748.1,12243.4,495.25
+,7163,7169,11857.5,12402.3,544.77
+,7164,7169,11964.4,12402.3,437.94
+,7167,7170,12243.4,12852.9,609.5
+,7169,7170,12402.3,12852.9,450.56
+,7170,7176,12852.9,13059.7,206.79
+,7184,7195,13030.3,13682.3,652.02
+,7185,7195,13067.9,13682.3,614.45
+,7188,7195,13204.5,13682.3,477.86
+,7194,7227,13396.6,13813.1,416.5
+,7195,7231,13682.3,14063.4,381.05
+,7207,7231,13572.1,14063.4,491.25
+,7215,7234,13753.4,14313.4,559.94
+,7225,7234,13728.6,14313.4,584.75
+,7227,7235,13813.1,14467.1,654
+,7234,7237,14313.4,15040.6,727.23
+,7235,7237,14467.1,15040.6,573.48
+,7236,7238,14820.3,15230.3,409.95
+,7237,7239,15040.6,15764.9,724.34
+,7239,7265,15764.9,16049.9,284.93
+,7260,7268,15556.6,16154,597.45
+,7261,7269,15880.8,16441.4,560.54
+,7265,7279,16049.9,16683.4,633.5
+,7269,7284,16441.4,16946.6,505.25
+,7278,7285,16317.9,17799,1481.09
+,7279,7285,16683.4,17799,1115.59
+,7284,7285,16946.6,17799,852.34
+,7285,7289,17799,18109.6,310.68
+,7303,7314,18694.4,19184.1,489.76
-,7313,7325,18980.8,17053.6,-1927.27
-,7314,7325,19184.1,17053.6,-2130.55
+,7335,7336,18489.1,18519.8,30.72
+,7338,7341,19138.9,19591.8,452.9
+,7339,7410,19361.7,20301.2,939.47
-,7355,7377,19359.7,18194,-1165.7
+,7395,7397,19064.9,19172.1,107.18
+,7401,7410,19437.7,20301.2,863.42
+,7410,7411,20301.2,20651.7,350.52
+,7411,7413,20651.7,21719.3,1067.66
+,7412,7414,21171.5,22272.5,1100.98
+,7413,7414,21719.3,22272.5,553.17
+,7414,7416,22272.5,22811.3,538.8
+,7415,7425,22653.8,23671.1,1017.38
+,7425,7450,23671.1,27014.6,3343.46
+,7426,7450,23908.1,27014.6,3106.47
+,7434,7450,23469,27014.6,3545.59
+,7437,7450,23680.1,27014.6,3334.49
+,7449,7450,23666.3,27014.6,3348.26
+,7450,7453,27014.6,27206.5,191.91
+,7462,7467,27571.1,28853.2,1282.06
+,7463,7469,27951.4,28959.9,1008.45
+,7467,7480,28853.2,33212.8,4359.6
+,7474,7480,29448.3,33212.8,3764.45
+,7477,7480,29529.2,33212.8,3683.57
+,7480,7491,33212.8,33779.7,566.92
+,7491,7493,33779.7,35083.5,1303.84
+,7493,7497,35083.5,35945,861.46
+,7497,7499,35945,37488,1542.98
+,7498,7501,36977.2,38210.1,1232.95
+,7499,7502,37488,39767.5,2279.49
+,7501,7502,38210.1,39767.5,1557.34
+,7502,7507,39767.5,41319.2,1551.73
-,7507,7511,41319.2,34775,-6544.2
+,7527,7528,37233.5,37432.4,198.92
+,7528,7531,37432.4,38963.6,1531.16
-,7531,7560,38963.6,32842.1,-6121.49
-,7532,7560,39363.3,32842.1,-6521.18
+,7569,7573,33288.2,34546.2,1257.99
-,7573,7585,34546.2,30274.7,-4271.56
+,7592,7593,32334.5,33235,900.53
+,7593,7594,33235,33982,746.97
+,7594,7596,33982,36958,2976
+,7596,7597,36958,38323.1,1365.09
+,7597,7633,38323.1,42975.5,4652.41
+,7608,7613,35329.5,36495.2,1165.75
+,7611,7616,35645.5,37211.4,1565.91
+,7613,7618,36495.2,38211.2,1715.95
+,7616,7630,37211.4,38561.3,1349.95
+,7617,7632,37269.5,38975.5,1705.96
+,7618,7632,38211.2,38975.5,764.27
+,7627,7633,38304.7,42975.5,4670.79
+,7630,7633,38561.3,42975.5,4414.17
+,7633,7634,42975.5,43136.1,160.6
+,7636,7637,46169.9,46924.6,754.69
+,7651,7654,47530.1,48479.2,949.15
+,7667,7674,49148.2,51497,2348.88
+,7674,7687,51497,52791.3,1294.25
+,7677,7688,52391,54797.9,2406.92
+,7686,7688,52622,54797.9,2175.94
+,7688,7689,54797.9,55503.3,705.35
-,7689,7698,55503.3,47984.2,-7519.06
-,7690,7698,56902.1,47984.2,-8917.91
-,7711,7714,51347.9,46472,-4875.86
+,7724,7734,48600.3,51440,2839.74
+,7734,7755,51440,51818.3,378.28
+,7735,7757,51535.3,54257.3,2722
+,7749,7750,48990.6,51564.2,2573.56
+,7750,7755,51564.2,51818.3,254.16
+,7755,7757,51818.3,54257.3,2438.96
+,7756,7757,53536.5,54257.3,720.76
+,7757,7765,54257.3,56302.3,2044.99
+,7759,7766,54772.8,56872.5,2099.74
+,7765,7780,56302.3,60023,3720.74
+,7766,7780,56872.5,60023,3150.47
+,7773,7780,57514,60023,2509
+,7780,7781,60023,60028.6,5.56
-,7798,7830,58432.5,51799.9,-6632.61
-,7799,7830,59040.2,51799.9,-7240.28
-,7826,7830,56374.9,51799.9,-4574.98
-,7827,7830,56734.3,51799.9,-4934.39
+,7838,7842,53337,55365,2028.02
+,7840,7844,53853.1,57071.7,3218.51
+,7842,7844,55365,57071.7,1706.63
+,7844,7851,57071.7,59119.7,2048
+,7845,7867,57997.3,59530.8,1533.52
+,7851,7904,59119.7,60642.8,1523.1
-,7867,7887,59530.8,56443.5,-3087.3
+,7878,7910,59336.5,62571.8,3235.26
+,7893,7902,57440.7,59783.7,2343.03
+,7894,7903,57716.8,60073.1,2356.38
+,7896,7904,58275.2,60642.8,2367.5
+,7899,7910,58479.2,62571.8,4092.5
+,7902,7910,59783.7,62571.8,2788.04
+,7904,7911,60642.8,63048.8,2406
+,7910,7915,62571.8,64267.5,1695.75
-,7911,7932,63048.8,56858.5,-6190.22
-,7915,7932,64267.5,56858.5,-7408.97
-,7943,7955,56723.7,51538.7,-5185.04
+,7963,7965,52342.2,53550.5,1208.25
+,7965,7974,53550.5,55456,1905.5
+,7970,7990,54468.8,56731.5,2262.77
+,7974,7993,55456,57831.3,2375.26
+,7989,7992,54705,57430.6,2725.62
+,7990,7992,56731.5,57430.6,699.1
-,7992,8040,57430.6,49692.2,-7738.45
-,7993,8040,57831.3,49692.2,-8139.09
-,7994,8040,58777.7,49692.2,-9085.56
+,8008,8020,57421.5,58366.3,944.81
-,8020,8040,58366.3,49692.2,-8674.16
-,8022,8040,58907.3,49692.2,-9215.09
-,8023,8040,59188.4,49692.2,-9496.19
-,8033,8040,56864.6,49692.2,-7172.39
-,8034,8040,57392.9,49692.2,-7700.73
-,8035,8040,57411.5,49692.2,-7719.33
+,8073,8410,41782.7,42524.5,741.8
-,8087,8149,38969.2,32859.2,-6109.92
-,8095,8111,39424.5,35224.1,-4200.4
-,8096,8111,40209.3,35224.1,-4985.15
+,8118,8133,37802.4,39023.3,1220.84
-,8128,8147,37869.5,34404.8,-3464.69
-,8132,8146,38816.3,35790.5,-3025.76
+,8156,8158,34063.2,36502.5,2439.23
+,8157,8158,34902.2,36502.5,1600.23
+,8158,8160,36502.5,36978,475.52
+,8163,8173,37798.3,39267.2,1468.95
+,8172,8173,39107.5,39267.2,159.72
-,8173,8201,39267.2,35476.1,-3791.12
-,8176,8201,40154.3,35476.1,-4678.13
+,8214,8225,33649.6,34832.7,1183.15
+,8224,8241,34496.8,35818,1321.22
+,8225,8242,34832.7,36348.8,1516.04
-,8241,8254,35818,33146,-2672
-,8242,8254,36348.8,33146,-3202.75
-,8262,8305,34836.8,31931.9,-2904.89
-,8269,8286,34653.8,32379,-2274.75
-,8270,8286,34986.5,32379,-2607.5
-,8290,8314,33519.5,31571.3,-1948.25
-,8292,8314,34166.8,31571.3,-2595.55
-,8320,8329,32059.5,29637.6,-2421.95
+,8335,8337,30685.8,31439.3,753.5
+,8336,8338,30829,32097,1268.02
+,8337,8344,31439.3,32349.3,910
+,8338,8352,32097,36766.9,4669.86
+,8347,8352,32685,36766.9,4081.88
+,8352,8353,36766.9,38281.4,1514.54
+,8353,8355,38281.4,38657.6,376.16
+,8364,8381,39087.8,40653.7,1565.91
+,8365,8410,39684.3,42524.5,2840.25
+,8381,8410,40653.7,42524.5,1870.84
+,8397,8405,38824.7,40828.2,2003.51
+,8398,8405,39476.5,40828.2,1351.7
+,8399,8410,39744.4,42524.5,2780.08
+,8405,8410,40828.2,42524.5,1696.32
+,8410,8412,42524.5,43198.6,674.06
+,8415,8439,45685.5,46530.5,845
+,8426,8470,46197.3,48766.7,2569.42
+,8438,8441,46166.5,47596.3,1429.74
+,8439,8470,46530.5,48766.7,2236.17
+,8441,8470,47596.3,48766.7,1170.41
+,8465,8470,46579.5,48766.7,2187.22
+,8466,8470,47145.7,48766.7,1620.99
+,8470,8472,48766.7,49447.9,681.27
+,8472,8532,49447.9,51770,2322.06
+,8473,8532,50320.5,51770,1449.5
+,8488,8529,48730.6,50638.5,1907.88
+,8490,8532,49295,51770,2475
+,8500,8522,48215.9,50115.8,1899.87
+,8501,8529,48882.6,50638.5,1755.91
+,8518,8522,48475.5,50115.8,1640.23
+,8521,8532,49394,51770,2376
+,8522,8537,50115.8,51916.8,1801.06
+,8529,8538,50638.5,52513.8,1875.26
-,8532,8543,51770,46750.8,-5019.2
-,8538,8542,52513.8,47485.5,-5028.29
-,8554,8564,47195.2,44409.5,-2785.7
-,8574,8595,47153,43510.6,-3642.42
-,8578,8594,48060.3,45040,-3020.34
+,8608,8615,43332.7,44671.3,1338.58
+,8611,8649,44047.7,47224.7,3177.01
-,8615,8619,44671.3,41180.2,-3491.03
+,8641,8648,43489.4,44943,1453.56
+,8648,8649,44943,47224.7,2281.68
+,8649,8650,47224.7,47570.1,345.45
+,8651,8660,48123.5,49922.3,1798.75
+,8656,8663,48589.3,51438.6,2849.36
+,8657,8663,48963.2,51438.6,2475.44
+,8658,8667,49534.6,52756,3221.46
+,8660,8667,49922.3,52756,2833.75
+,8661,8667,50008.8,52756,2747.25
+,8663,8667,51438.6,52756,1317.39
+,8667,8668,52756,54883.3,2127.25
+,8668,8671,54883.3,55069.5,186.25
+,8678,8686,55807.3,57278.5,1471.25
+,8683,8707,56467.2,59595.5,3128.32
+,8686,8707,57278.5,59595.5,2317
+,8698,8707,56923.6,59595.5,2671.93
+,8700,8710,57721.2,61407.3,3686.1
+,8701,8710,57962.8,61407.3,3444.55
+,8707,8710,59595.5,61407.3,1811.8
+,8710,8711,61407.3,62441.5,1034.2
+,8711,8723,62441.5,64095.8,1654.25
+,8722,8728,63165.8,66471.3,3305.47
+,8723,8728,64095.8,66471.3,2375.5
-,8728,8740,66471.3,61115,-5356.25
-,8746,8758,63589.5,58902.6,-4686.87
+,8762,8770,60578.5,62560.8,1982.25
+,8763,8783,61121.5,63429.2,2307.73
+,8770,8804,62560.8,65096.5,2535.75
+,8782,8804,63065.8,65096.5,2030.75
+,8783,8806,63429.2,66071,2641.75
+,8804,8805,65096.5,65446.7,350.2
+,8806,8820,66071,68603.1,2532.12
-,8810,8832,67528.2,63597.7,-3930.51
-,8811,8830,68122.2,63795.5,-4326.76
-,8820,8821,68603.1,64216.3,-4386.85
-,8834,8841,65892.4,60963.1,-4929.3
-,8882,8891,57756.1,54600.1,-3155.95
-,8885,8891,58584.9,54600.1,-3984.78
-,8886,8890,59197.7,54874.2,-4323.59
-,8898,8924,58653.5,48892.4,-9761.1
-,8929,8986,50091,45824.5,-4266.49
-,8930,8986,50667.2,45824.5,-4842.72
-,8951,8986,49606.7,45824.5,-3782.17
+,8965,9006,48263.6,50054.9,1791.33
+,8971,9007,49140.5,50806.9,1666.44
+,8991,9006,48613.6,50054.9,1441.35
+,9006,9008,50054.9,51327.9,1272.95
-,9007,9032,50806.9,46547.8,-4259.11
-,9040,9061,48293.6,43557.7,-4735.92
-,9089,9128,43947.5,39734.2,-4213.33
-,9126,9128,43015.2,39734.2,-3281.06
+,9139,9149,36770.7,38207.2,1436.48
+,9147,9192,37587.4,40528.6,2941.25
+,9149,9192,38207.2,40528.6,2321.44
+,9163,9192,37768,40528.6,2760.63
+,9168,9192,38480.7,40528.6,2047.89
+,9188,9192,37176.6,40528.6,3351.98
+,9189,9192,37551.2,40528.6,2977.41
+,9190,9192,38007.3,40528.6,2521.29
+,9192,9193,40528.6,40618.7,90.08
+,9193,9207,40618.7,42823.3,2204.57
+,9194,9207,41471.8,42823.3,1351.5
+,9207,9213,42823.3,44905.2,2081.99
+,9210,9213,44229.2,44905.2,676.08
-,9213,9271,44905.2,40666.6,-4238.69
-,9228,9235,45330.8,42543,-2787.79
-,9254,9271,43468.8,40666.6,-2802.22
-,9256,9271,44069.5,40666.6,-3402.9
-,9257,9271,44252.2,40666.6,-3585.69
-,9304,9309,38891.6,34651.7,-4239.95
+,9313,9317,38380.2,39368.7,988.5
+,9336,9337,41405.1,41615.5,210.34
+,9337,9338,41615.5,43269.1,1653.62
+,9338,9341,43269.1,44423.9,1154.78
+,9341,9499,44423.9,46091.8,1667.89
+,9387,9388,41489.2,42008.8,519.54
+,9388,9480,42008.8,43825.4,1816.67
+,9418,9433,39130.7,41092.2,1961.5
+,9444,9465,41680.3,42846.3,1165.99
+,9445,9480,41729.3,43825.4,2096.15
+,9465,9480,42846.3,43825.4,979.12
+,9476,9485,42813.1,45011,2197.86
+,9480,9499,43825.4,46091.8,2266.31
+,9485,9500,45011,46918.9,1907.9
+,9498,9500,44957.5,46918.9,1961.36
+,9499,9500,46091.8,46918.9,827.11
-,9500,9560,46918.9,42877.4,-4041.43
-,9505,9525,47949.3,44644.5,-3304.78
-,9528,9560,46024.8,42877.4,-3147.39
-,9548,9558,46505,43763.4,-2741.53
-,9578,9587,42729.5,41125.9,-1603.64
-,9583,9587,43061.4,41125.9,-1935.53
+,9600,9641,41012.5,42105,1092.49
+,9631,9641,40661.4,42105,1443.6
-,9636,9670,41339.7,38407.8,-2931.98
-,9641,9654,42105,39356.8,-2748.22
-,9647,9654,42670.3,39356.8,-3313.47
-,9673,9732,40169.2,37010.3,-3158.8
-,9674,9732,40559.1,37010.3,-3548.77
-,9690,9704,39887.4,37620.8,-2266.68
-,9711,9733,38959.4,36411.4,-2547.97
-,9724,9733,38944,36411.4,-2532.57
-,9726,9733,39169.4,36411.4,-2757.98
-,9727,9733,39779.2,36411.4,-3367.77
+,9777,9794,30354.8,31057,702.2
+,9788,9794,30095.5,31057,961.47
-,9793,9864,30994.5,28685.8,-2308.75
+,9802,9888,30513.1,32131.6,1618.49
+,9816,9883,30104,31231.4,1127.43
+,9833,9883,30118.5,31231.4,1112.93
+,9849,9883,30066.3,31231.4,1165.18
+,9875,9880,29332.4,30703.2,1370.74
+,9879,9883,30280.1,31231.4,951.37
+,9880,9885,30703.2,31659,955.83
+,9883,9888,31231.4,32131.6,900.17
-,9884,9953,31537.3,28367.3,-3169.95
+,9920,9922,30251.2,31428,1176.8
-,9921,9952,31174.1,28865.6,-2308.42
-,9922,9952,31428,28865.6,-2562.41
-,9980,9993,22633.9,19336.3,-3297.58
+,10003,10012,20579,21318.1,739.04
-,10012,10066,21318.1,19198.9,-2119.17
+,10070,10110,20171.3,21073.4,902.11
+,10087,10094,19393.9,20361.9,967.98
+,10091,10099,19682.5,20430.1,747.58
+,10094,10110,20361.9,21073.4,711.49
+,10106,10111,20509.1,21590.7,1081.57
+,10110,10111,21073.4,21590.7,517.28
